{"cameraMode":{"drawMode":0,"name":"Shaded","section":"Shading Mode"},"sceneLighting":true,"audioPlay":false,"sceneViewState":{"m_AlwaysRefresh":false,"showFog":true,"showSkybox":false,"showFlares":true,"showImageEffects":true,"showParticleSystems":true,"showVisualEffectGraphs":true,"m_FxEnabled":true},"in2DMode":false,"pivot":{"x":0.28120672702789309,"y":2.8724703788757326,"z":3.323147773742676},"rotation":{"x":0.48082026839256289,"y":0.12569622695446015,"z":-0.06989539414644242,"w":0.8650445342063904},"size":11.454821586608887,"orthographic":false}